{"schemaVersion":"1.0","appDefinitionTemplate":{"id":"/providers/Microsoft.PowerApps/apps/","type":"Microsoft.PowerApps/apps","tags":{"primaryDeviceWidth":"640","primaryDeviceHeight":"1136","sienaVersion":"20200423T103254Z-3.20023.8.0","deviceCapabilities":"","supportsPortrait":"true","supportsLandscape":"false","primaryFormFactor":"Phone","publisherVersion":"3.20023.8","minimumRequiredApiVersion":"2.2.0","hasComponent":"false","hasUnlockedComponent":"false"},"properties":{"appVersion":"2020-04-23T10:32:54Z","lifeCycleId":"Published","createdByClientVersion":{"major":3,"minor":20023,"build":8,"revision":0,"majorRevision":0,"minorRevision":0},"minClientVersion":{"major":3,"minor":20023,"build":8,"revision":0,"majorRevision":0,"minorRevision":0},"backgroundColor":"rgba(175, 229, 178, 1)","backgroundImageUri":"/6411590675939451644/N63550bf4-49e8-4b57-baf2-16ae646a1690-logoSmallFile","displayName":"Technical Drawing","description":"","commitMessage":"","appUris":{"documentUri":{"value":"/6411590675939451644/N08c0ea92-b900-4320-8397-428142c17017-document.msapp","readonlyValue":"/6411590675939451644/N08c0ea92-b900-4320-8397-428142c17017-document.msapp"},"imageUris":[]},"createdTime":"0001-01-01T00:00:00Z","lastModifiedTime":"0001-01-01T00:00:00Z","sharedGroupsCount":0,"sharedUsersCount":0,"icons":{"smallIconUri":"/6411590675939451644/N4c3f6c19-75d5-4832-90ec-e77d3e57044d-small.png","mediumIconUri":"/6411590675939451644/N94209d12-b2f6-4827-9b1d-3200f7a351da-medium.png","largeIconUri":"/6411590675939451644/N36ad756d-87d5-48e0-843f-c22d8dcf959e-large.png","wideIconUri":"/6411590675939451644/Ne07169db-df4b-4f5a-a9b3-24af6c35b9aa-wide.png"},"connectionReferences":{},"databaseReferences":{},"almMode":"Solution","performanceOptimizationEnabled":false,"canConsumeAppPass":true},"isAppComponentLibrary":false,"appType":"ClassicCanvasApp","appComponents":[]}}