<manifest><control namespace="PowerAppsGuy" constructor="SVGManipulator" version="0.3.0" display-name-key="SVGManipulator" description-key="SVG Manipulator" control-type="standard" api-version="1.2.1"><property name="svg" display-name-key="svg_Display_Key" description-key="SVG content" of-type="Multiple" usage="input" required="true" /><property name="zoomLevel" display-name-key="zoomLevl_Display_Key" description-key="Zoom level" of-type="Whole.None" usage="input" required="true" /><property name="zoomToId" display-name-key="zoomToId_Display_Key" description-key="Zoom to id" of-type="SingleLine.Text" usage="input" required="true" /><data-set name="dataSet" display-name-key="SVG Elements Configurations"><property-set name="id" display-name-key="Id_Display_Key" description-key="SVG element identifier" of-type="SingleLine.Text" usage="bound" required="true" /><property-set name="fill" display-name-key="Fill_Display_Key" description-key="SVG element fill" of-type="SingleLine.Text" usage="bound" required="true" /></data-set><resources><code path="bundle.js" order="1" /><css path="style.css" order="2" /></resources><built-by name="pac" version="1.1.6" /></control></manifest>